5407741201,디올 프레스티지 르 마이크로-플루이드 뗑 드 로즈
5406379891,슈에무라 루즈 언리미티드 리퀴드
품절 처리해야할 옵션
BG05,RD05
5394643087,산타마리아노벨라 칸델라 프로퓨마타
품절 처리해야할 옵션
포푸리,프리지아,아이리스,멜로그라노
5393974591,크리니크 스마트 SPF 15 PA++ 커스텀-리페어 모이스처라이저
품절 처리해야할 옵션
지복합성,건복합성
5393973029,크리니크 스마트 나이트 커스텀 - 리페어 모이스춰라이저
품절 처리해야할 옵션
지복합성,건복합성
5393966122,크리니크 iD (+ 시카 부스터 추가 구성)
추가해야할  옵션
로션+,톤업젤
5393964781,크리니크 iD (+ 진생 부스터 추가 구성)
5393952252,크리니크 iD 로션
추가해야할  옵션
NEW블루클리어링젤리/시카부스터,NEW블루클리어링젤리/진생부스터,NEW블루클리어링젤리/진정부스터,NEW블루클리어링젤리/톤업부스터,NEW블루클리어링젤리/활력부스터,로션+/NEW산뜻부스터,로션+/매끈부스터,로션+/벚꽃부스터,로션+/시카부스터,로션+/진생부스터,로션+/진정부스터,로션+/톤업부스터,로션+/활력부스터,젤/NEW산뜻부스터,젤/매끈부스터,젤/벚꽃부스터,젤/시카부스터,젤/진생부스터,젤/진정부스터,젤/톤업부스터,젤/활력부스터,젤리/NEW산뜻부스터,젤리/매끈부스터,젤리/벚꽃부스터,젤리/시카부스터,젤리/진생부스터,젤리/진정부스터,젤리/톤업부스터,젤리/활력부스터,톤업젤/NEW산뜻부스터,톤업젤/디-에이징부스터,톤업젤/매끈부스터,톤업젤/벚꽃부스터,톤업젤/시카부스터,톤업젤/진생부스터,톤업젤/진정부스터,톤업젤/톤업부스터,톤업젤/활력부스터
5393523690,맥 스튜디오 픽스 컴플리트 커버리지 쿠션 / 맥 2021 카카오프렌즈 컬렉션
품절 처리해야할 옵션
NC15,NC25
추가해야할  옵션
N12(라이언&어피치X오늘더예쁜나),NC15(라이언&어피치X오늘더예쁜나)
5393512848,조르지오아르마니 NEW 디자이너 리프트 블루 파운데이션
5376356876,나스 에어 매트 블러쉬
품절 처리해야할 옵션
가스프,달링,러쉬,스캔들러스,오르가X,토치,프리덤,허쉬드
5357853846,딥티크 퍼퓸드패치
품절 처리해야할 옵션
오로즈,도손,롬브르단로
5357724765,딥티크 센티드 오발
품절 처리해야할 옵션
베이,로즈
5344478408,입생로랑 루쥬 볼륍떼 샤인 NEW 버닝 칠리
품절 처리해야할 옵션
124로제롤루,124코랄엑소티슴,131칠리모로코,46오랑쥬빼르펙토,76레드인더다크,82오랑쥬크레페,83루쥬케이프,84레드카산드르
5327582664,에스티 로더 퓨어 컬러 일루미네이팅 샤인 립스틱
추가해야할  옵션
소셜버터플라이,팸퍼드
5319698235,조르지오 NEW 루즈 아르마니 마뜨
품절 처리해야할 옵션
301엠버,406엠버레드
5319672809,입생로랑 NEW 마블 팩트
품절 처리해야할 옵션
B10,B25,BR10,BR30,BR35
5311231131,나스 클로데트 어데이셔스 립스틱
5306474294,디올 NEW 루즈 디올
품절 처리해야할 옵션
매트846코코르드,사틴343파나레아
추가해야할  옵션
매트666루즈앙디아블,매트846콩코르드,매트888스트롱레드,사틴080레드스마일,사틴575스와레아리오
5306464528,디올 NEW 디올 컨투어
5306452840,디올 NEW 루즈 디올 밤
5266736299,시슬리 르 휘또-글로스 6.5 ml
품절 처리해야할 옵션
2Star,3Aurora,4Sunrise
추가해야할  옵션
10Star,2Aurora,3Sunrise,4Twilight
5260442161,바이레도 컬러스틱
품절 처리해야할 옵션
소스,플라워플레이,바비,미디엄블루,라센느,쿠마토,디스트로이어,메솔리틱,그레잇샌즈,친오브골드,카인다블루,퍼플스팅어,앤션트,울트라마그네틱,식핑크
5260427309,바이레도 립스틱
품절 처리해야할 옵션
커뮤터,레드앤블루,리유니언,얼쓰더스트,세미-포멀,차이나플럼,서브트로피컬,댄스홀퀸,월쉽허,레드암체어,도쿄로즈,디볼스,라플람,솔리드그라운드
5260301165,라메르 컨실러 4.2g
5260277059,라메르 소프트 플루이드 롱 웨어 파운데이션 SPF20 30ml
품절 처리해야할 옵션
쉘,포세린
5260261840,라메르 소프트 모이스춰 파우더 파운데이션 SPF30
품절 처리해야할 옵션
alabaster,ecur,fair
추가해야할  옵션
Alabaster알라바스터,Ecru에크루,Fair페어
5259658878,라메르 크림 30ml 세트 (택 1)
품절 처리해야할 옵션
모이스춰라이지소프트크림,크렘드라메르
5259524857,라메르 기적의 크림 60ml 세트 (택 1)
품절 처리해야할 옵션
모이스춰라이징소프트크림,모이스춰라이징쿨젤크림,크렘드라메르
5259509739,라메르 크림 60ml 세트 (택 1)
품절 처리해야할 옵션
모이스춰라이징소프트크림,모이스춰라이징쿨젤크림,크렘드라메르
5259258806,라메르 모이스춰라이저 60ml 세트 (기적의 크림)
5258915731,산타마리아노벨라 타볼레타 디체라 퍼퓨메이트
품절 처리해야할 옵션
프리지아,로사,포푸리,릴랙스,멜로그라노,라반다
5258909725,산타마리아노벨라 뷰티 케이스
품절 처리해야할 옵션
아이보리,네이비
5258832152,바이레도 립스틱
품절 처리해야할 옵션
세미-포멀,차이나플럼,서브트로피컬,리유니언,댄스홀퀸,레드앤블루,윌쉽허,레드암체어,도쿄로즈,디볼스,라플람,커뮤터,솔리드그라운드
5255236837,슈에무라 NEW 루즈 언리미티드 앰플리파이드
5244499135,디올 디올쇼 아이브로우 펜슬 파우더
품절 처리해야할 옵션
01블론드,05블랙
5241021376,산타마리아노벨라 포푸리 로고 자수 실크 파우치
품절 처리해야할 옵션
와인,그린,블루
5218321161,라프레리 스킨 캐비아 파우더 파운데이션
품절 처리해야할 옵션
골든베이지,크림피치,텐더아이보리,포슬린블러쉬,퓨어아이보리,피치,허니베이지
5183346628,나스 에어 매트 립 컬러
추가해야할  옵션
쉐그,올유어스,체이서
5142617172,시세이도 컬러젤 립밤
품절 처리해야할 옵션
109위스테리아,110주니퍼,111밤부
5142597566,시세이도 UV 프로텍티브 스틱 파운데이션 SPF36/PA+++
품절 처리해야할 옵션
오클,페어오클
추가해야할  옵션
오커,페어오커
5142587824,시세이도 NEW 모던매트 파우더 립스틱
품절 처리해야할 옵션
505핍쇼,515엘로우드라마,518셀피,519푸시아페티쉬
5142578886,시세이도 NEW 싱크로 스킨 코렉팅 젤스틱 컨실러 2.5g 
품절 처리해야할 옵션
203라이트,301미디움,302미디움,303미디움,304미디움
추가해야할  옵션
301미듐,302미듐,303미듐,304미듐
5142567944,시세이도 NEW 싱크로 스킨 셀프 리프레싱 컨실러
품절 처리해야할 옵션
201라이트,301미디움,302미디움,303미디움,304미디움
추가해야할  옵션
301미듐,302미듐,303미듐,304미듐
5141839191,시세이도 퓨처 솔루션 LX 토탈 래디언스 리제너레이팅 쿠션 E 12g
품절 처리해야할 옵션
G1,G2
5132811160,스쿠 네일 컬러 폴리쉬
품절 처리해야할 옵션
01YUUOU,02AWASUMIRE,04BENIKOUJI,06TSUKUSHI,07HANABAI
추가해야할  옵션
129에크루베이지,130탠
5132803450,메이크업포에버 루즈 아티스트
추가해야할  옵션
112,122,152,156,160,27(클래식버건디),206,418
5132788316,맥 파워글라스 플럼핑 립글로스
추가해야할  옵션
10띵즈아이헤이트어-파우트유,낫유어러브인터레스트,더파우트사이더스,마블앳디스,아바웃어걸,에셋매니지먼트,캡틴글램,투플럼프스업,파우트라스트나잇,플럼프픽션,피-아웃오브유어리그
5132752504,스쿠 젤 아이라이너 펜슬
품절 처리해야할 옵션
02다크브라운,03네이비,05그레이
5132700608,스쿠 톤 터치 아이즈
품절 처리해야할 옵션
01KAGEIRO,02AMAITOGE,03HIYATSUKI,04SUKESUMI,05YAWATSUMUGI,06SUZUKINU,07SAKIIROKA,08SUZUAOI,09KIFUU,10RYOUKA,11TOUYOU,12AKIHOTARU,13KOUSHI,14ENKA,15OBOREBOSHI
추가해야할  옵션
105스모키터콰이즈,106클리어루비,16시나몬오렌지,17번레드,18페어리핑크
5132657383,스쿠 쉬머 리퀴드 블러쉬
품절 처리해야할 옵션
02TSUBAIMOMO,03MITSUKOUJI
5132442414,스쿠 NEW 컴포트 립 플루이드
추가해야할  옵션
FOG-08스프링베이지,GLOW-08모카베이지
5132383143,스쿠 모이스처 리치 립스틱
품절 처리해야할 옵션
01YUUKANADE,02HANAKURENAI,03HIBENI,04KINANZU,05HIKARIBANA,06SENKENKA,07BIWATSUYA,08BENIKINGYO,09KIARA,10KOGAREAKA,11RINKU,12KINICHOU
추가해야할  옵션
117실버베리,118골드버밀리온,119캐러멜베이지
5132362421,스쿠 바이브런트 리치 립스틱
품절 처리해야할 옵션
01KOGAREASA,02NAKAKURENAI,03TSUTSUJIZAKI,04FUKAKUCHINASHI,05HARUBENI,06IRODORIMATOI,07SHITSUBI,09AYAHIBIKI,10HANASUMI,101HARUURARA,102FUKASOUKA,103AWAYUZU
추가해야할  옵션
110웜베이지,111브라이트레드
5132330772,스쿠 2020 AW 모이스처 리치 립스틱
5132320694,스쿠 래디언트 크림 컨실러
품절 처리해야할 옵션
G-01,N-01,N-02
5132052408,스쿠 퓨어 컬러 블러쉬
품절 처리해야할 옵션
01TSUBOMIZAKI,04URUSHIBI,05YAWAKOUKI,06HARUSUMIRE,07TSUYASATSUKI,08MOMODAIDAI,09AYAKAGEROU,10USUMOYA,11HANASUSU
추가해야할  옵션
122로즈레드X샤인핑크,123옐로우브라운X쉬머베이지
5131887882,스쿠 디자이닝 컬러 아이즈
품절 처리해야할 옵션
01TUUSHAKUYAKU,03BENIMIYABI,10YUUAKANE,13TSUKIKASUMI,14IROURUSHI
5126345446,시슬리 휘또 콜 스타 워터프루프 0.3g
품절 처리해야할 옵션
1스파클링블랙,10미스틱플럼,2스파클링실버,3스파클링브라운,4스파크링브론즈,5스파클링블루,7미스틱블루,8미스틱그린,9스파클링펄
추가해야할  옵션
10.미스틱플럼,2.스파클링실버,3.스파클링브라운,6.미스틱퍼플,7.미스틱블루,8.미스틱그린,9.스파클링펄
5126337287,시슬리 르 휘또 루즈 3.4g
품절 처리해야할 옵션
11타히티,12발리,13엘도라도,20포토피노,21누메아,22파리,23델리,24산타페,25교토,26그라나다,30이비자,31아카풀코,32칼비,33세빌,40모나코,41마이애미,42리오,43카프리
추가해야할  옵션
12.발리,15.베이지맨하탄,20.포토피노,21.누메아,22.파리,23.델리,24.산타페,27.로즈볼쇼이,28.로즈상하이,29.로즈멕시코,32.칼비,40.모나코,41.마이애미,42.리오,43.카프리
5126310969,시슬리 스띨로 루미에르 2.5ml
품절 처리해야할 옵션
1필리로즈,2피치로즈,3소프트베이지
5126305135,시슬리 소 볼륨 마스카라 8ml
품절 처리해야할 옵션
1딥블랙,2딥브라운,3딥블루
추가해야할  옵션
NO.1딥블랙,NO.2딥브라운
5126041140,시슬리 인스턴트 코렉트 30ml
품절 처리해야할 옵션
1저스트로지,2저스트라벤더
추가해야할  옵션
1.저스트로지,2.저스트라벤더
5126011494,시슬리 휘또 블랑 브라이트닝 안티-폴루션 쿠션 파운데이션 리필 14g
품절 처리해야할 옵션
1화이트오팔,2화이트펄,3라이트로즈
추가해야할  옵션
1.화이트오팔,2.화이트펄,3.라이트로즈
5125911119,시슬리 휘또 블랑 브라이트닝 안티-폴루션 쿠션 파운데이션 SPF30 PA+++ 14g
품절 처리해야할 옵션
1화이트오팔,2화이트펄,3라이트로즈
추가해야할  옵션
1.화이트오팔,2.화이트펄,3.라이트로즈
5124944705,슈에무라 언리미티드 쿠션 파운데이션 리필
품절 처리해야할 옵션
+463,584
5124894205,슈에무라 루즈 언리미티드 마뜨
품절 처리해야할 옵션
MBG943,MBG960,MBR771,MBR782,MBR785,MOR580,MOR587,MPK355,MPK356,MRD161,MRD163,MRD165,MRD187,MRD193,MWN286
5124885402,슈에무라 루즈 언리미티드
품절 처리해야할 옵션
BG923,BG935,BG965,BG795,BR795,CR324,CR330,CR356,OR540,OR560,OR564,PK347,PK355,PK368,PK369,PK377,RD154,RD155,ED162,ED163,RD164,RD180,RD184,WN288
5124811571,슈에무라 언리미티드 쿠션 파운데이션
품절 처리해야할 옵션
+463,+574,584,+674
5124802574,슈에무라 스테이지 퍼포머 블락:부스터 30ml
5124777441,슈에무라 스테이지 퍼포머 비비 퍼펙터 스킨스무딩 뷰티크림 에스피에프30 피에이++ 30ml
5124758646,슈에무라 언리미티드 글로우 파운데이션
품절 처리해야할 옵션
+574,+674,+774
추가해야할  옵션
★574,★674,★774
5120414162,톰포드뷰티 모스트 원티드 립 컬렉션
품절 처리해야할 옵션
스칼렛루쥬,임패션드
추가해야할  옵션
매트)벨벳체리,매트)스칼렛루쥬,매트)임패션드,사틴매트)벨벳체리,사틴매트)스칼렛루쥬,사틴매트)와일드진저,사틴매트)임패션드,크림)벨벳체리,크림)와일드진저,크림)임패션드
5120406538,톰포드뷰티 쏠레이 립밤
품절 처리해야할 옵션
어프레쏠레이,파라다소
5120398941,톰포드뷰티 보이즈 립 컬러
품절 처리해야할 옵션
브라이언,스콧,제라드
5120382175,톰포드뷰티 이모션 프루프 컬렉션 - 아이 라이너
5120369653,톰포드뷰티 이모션 프루프 컬렉션 - 아이 컬러
품절 처리해야할 옵션
미니멀리스트,오내추럴
5120357715,톰포드뷰티 글로우 드롭스
5120342473,톰포드뷰티 글로우 톤 업 파운데이션 SPF40/PA++++ 하이드레이팅 쿠션 컴팩트 리필
품절 처리해야할 옵션
0.5포슬린,1.0로즈글로우,1.3웜포슬린,2.0버프,6.0내추럴
5120334224,톰포드뷰티 트레이스레스 터치 파운데이션 사틴-매트 쿠션 컴팩트 SPF 45/PA++++ 리필
품절 처리해야할 옵션
0.5포슬린,0.7펄,2.5리넨
5120321604,톰포드뷰티 립 컬러 쉬어
품절 처리해야할 옵션
무스티크,아프로디테
5120315030,톰포드뷰티 익스트림 립 스파크
품절 처리해야할 옵션
데이즈드,디스트로이,러브씩,리스크,신세티카,쓰롭,코맨도,하보크
추가해야할  옵션
앨리어스,하이퍼
5120310539,톰포드뷰티 모스트 원티드 립 컬렉션
품절 처리해야할 옵션
매트-벨벳체리,매트-스칼렛루쥬,매트-와일드진저,매트-임패션드,매트-트루코랄,사틴매트-벨벳체리,사틴매트-와일드진저,사틴매트-임패션드,사틴매트-트루코랄,크림-벨벳체리,크림-스칼렛루쥬,크림-와일드진저,크림-임패션드
추가해야할  옵션
매트)벨벳체리,매트)스칼렛루쥬,매트)임패션드,사틴매트)벨벳체리,사틴매트)스칼렛루쥬,사틴매트)와일드진저,사틴매트)임패션드,크림)벨벳체리,크림)와일드진저,크림)임패션드
5120290714,톰포드뷰티 울트라 샤인 립 컬러
품절 처리해야할 옵션
라,망라샬리어
추가해야할  옵션
누바일,라노떼,라망
5120270442,톰포드뷰티 글로스 럭스
품절 처리해야할 옵션
니키타,디스클로져,엑스퀴즈
5120252993,톰포드뷰티 립 컬러
품절 처리해야할 옵션
[NEW]나잇모브,[NEW]드레스드투킬,[NEW]리버틴,[NEW]쇼킹,[NEW]오리지날씬,[NEW]인세이셔블,[NEW]임패션드,[NEW]자스민루쥬,[NEW]컨템트,[NEW]폭스파이어,[NEW]프라이멀,스칼렛루즈,스페니쉬핑크,와일드진저,인디안로즈,체리러쉬,카사블랑카,트루코랄,트위스트오브페이트,포비든핑크,플라밍고
추가해야할  옵션
1크러쉬,11:11,나르시시크,라누디뜨,라우먼,런던스웨이드,르인퍼,마라부,마로케인,모던러브,블러시허니,셰임리스,인바이트온리,클레멘타인,투다이포,푸시파워,프리터내추럴
5120223689,톰포드뷰티 립 컬러 매트
품절 처리해야할 옵션
[NEW]에쿠스,플레임
5120188806,톰포드뷰티 사틴 매트 립 컬러
품절 처리해야할 옵션
SS19,노토리어스,베이비보이,상하이릴리,페임
추가해야할  옵션
마라부,클레멘타인
5120079352,톰포드뷰티 립 라커 럭스
품절 처리해야할 옵션
01DARLING-매트,01INSINUATE-바이닐,02QUIVER-매트,02SOFTCORE-바이닐,03INTIMATE-바이닐,08INFATUATE-바이닐,09INFILTRATE-바이닐
추가해야할  옵션
04INITIATE-바이닐,04INSOUCIANT-매트,06HABITUAL-매트,06KNOCKOUT-바이닐
5119678552,톰포드뷰티 브로우 스컬프터 (리필 포함)
5119671028,톰포드뷰티 스킨 일루미네이팅 파우더 듀오
5119624166,톰포드뷰티 트레이스레스 터치 파운데이션 사틴-매트 쿠션 컴팩트
품절 처리해야할 옵션
05.포슬린,0.7펄,2.5리넨
5119601363,톰포드뷰티 글로우 톤 업 파운데이션 SPF40/PA++++ 하이드레이팅 쿠션 컴팩트
품절 처리해야할 옵션
0.5포슬린,1.0로즈글로우,1.3웜포슬린,2.0버프
추가해야할  옵션
4.0폰,4.5쿨샌드
5119575480,톰포드뷰티 트레이스레스 파운데이션 스틱
품절 처리해야할 옵션
1.5크림,2.0버프
5119479354,톰포드뷰티 아이 컬러 쿼드
품절 처리해야할 옵션
골든밍크,누와르퓌미,오키드헤이즈,허니문
5118121625,랑콤 압솔뤼 마드모아젤 샤인 3.2g
추가해야할  옵션
323,420
5118098389,랑콤 NEW 압솔뤼 루즈 인티 마뜨 스페셜 세트
추가해야할  옵션
274밀크티,278
5118084709,랑콤 압솔뤼 루즈 인티마뜨 3.4g
추가해야할  옵션
169펌킨오렌지,274밀크티,278
5118072496,랑콤 압솔뤼 루즈 드라마 마뜨
추가해야할  옵션
388이터널러브,417,505레드본드,506,82
5118062979,랑콤 수지 립컬렉션 압솔뤼 루즈 스페셜 세트
품절 처리해야할 옵션
압솔리뤼루즈264100일마른장미,압솔뤼루즈드라마마뜨505레드본드,압솔뤼루즈루비크림01루비레드,압소뤼루즈루비크림03키스미루비
추가해야할  옵션
압솔뤼루즈264100일마른장미,압솔뤼루즈루비크림03키스미루비
5118029109,랑콤 압솔뤼 루즈 3.4g
추가해야할  옵션
08샤인로즈(Cream),290마른장미오로라레드(Matte),355로지샴페인(Cream),377오!로즈(Cream)
5117267635,랑콤 압솔뤼 루즈 루비 크림 3g
품절 처리해야할 옵션
02RUBYQUEEN,133
추가해야할  옵션
01REDRUBY,03KISSMERUBY
5117203754,랑콤 UV 엑스퍼트 자외선 차단제 SPF 50+ PA++++ 30ml
5117153756,랑콤 뗑 이돌 롱 라스팅 파운데이션 30ml 세트
품절 처리해야할 옵션
BO-03,PO-01(BEST)
추가해야할  옵션
Bo-03,Po-01(BEST)
5117134512,랑콤 BEST 뗑 이돌 롱 라스팅 파운데이션
품절 처리해야할 옵션
BO-02,BO-03,PO-01
추가해야할  옵션
Bo-03,Po-01
5117103811,랑콤 뗑 클라리피끄 하이드레이팅 파운데이션 30ml
추가해야할  옵션
P-02,Po-03
5117050471,랑콤 UV 엑스퍼트 자외선 차단제 50ml 세트
추가해야할  옵션
BB컴플리트,톤업펄리화이트
5108550815,에스티로더 퓨어 칼라 엔비 디파이닝 아이섀도우 1.8g
품절 처리해야할 옵션
16베인바이올렛,18치키핑크
5108517192,에스티로더 더블웨어 소프트 글로우 매트 쿠션 SPF 45/PA+++ 리필
품절 처리해야할 옵션
1C0쉘,1W1본,2C0쿨바닐라
5108487921,에스티로더 더블웨어 골드라벨 쿠션 컴팩트 SPF50/PA++++ 리필
5108407273,에스티로더 퓨어 컬러 엔비 키써블 립 샤인
추가해야할  옵션
100브레이즌샤인,101브론즈아이돌,102피치칠,103일렉트릭블론드,104네이키드트루스,105업인플레임스,106템트앤티즈,107텐더트랩,108키스미,109베이비베이비,111뉴빈티지,112엔젤글림,113포쉬플럼,115플래쉬파이어
5108379706,에스티로더 퓨어 컬러 엔비 립 케어 컬렉션
품절 처리해야할 옵션
퓨어컬러엔비리플레니시립밤,퓨어컬러엔비립볼륨아이저
5108300068,에스티로더 퓨어 컬러 엔비 매트 립스틱
5108274979,에스티로더 퓨어 컬러 엔비 립스틱
품절 처리해야할 옵션
매트-인셉셔널,매트-인디펜던트,매트551임스레셔너블,매트557프래자일에고,쉬미545스위크러쉬,크림220파워풀
추가해야할  옵션
매트-익셉셔널,매트-인디팬던트,매트551임프레셔너블,쉬머130슬로우번,쉬머545스위크러쉬,크림540임모탈,크림541엘에이느와르
5108182566,에스티로더 더블웨어 플로리스 컨실러
품절 처리해야할 옵션
1N튜트럴,1W웜라이트
추가해야할  옵션
1N라이트,1W라이트
5108132247,에스티로더 브로우 멀티 태스커
5108087896,에스티로더 퓨어 컬러 디자이어 매트 립스틱
추가해야할  옵션
413데바스테이트,414프루브잇(리미티드)
5108083553,에스티로더 퓨어 컬러 디자이어 립스틱
품절 처리해야할 옵션
201세듀스,202텔올,203스팅,302스턴,303샤웃아웃,306미스비헤이브,401세이예스
5107916482,에스티로더 퓨어 컬러 엔비 스컬프팅 블러쉬 + 하이라이터 듀오
품절 처리해야할 옵션
로드익스포즈드,신풀피치
5107907653,에스티로더 퓨어 칼라 엔비 스컬프팅 블러쉬 (7g)
추가해야할  옵션
센슈어스로즈,핑크티즈
5107708079,에스티로더 더블웨어 매트 파우더 파운데이션
품절 처리해야할 옵션
1N0포슬린,1W0웜포슬린,1W2샌드
5107565499,에스티로더 더블웨어 소프트 글로우 매트 쿠션 SPF 45/PA+++
품절 처리해야할 옵션
1C0쉘,2W0웜바닐라
5107347850,에스티로더 더블웨어 누드 워터 프레시 메이크업 SPF30/PA++
5107320132,에스티로더 더블 웨어 스테이-인-플레이스 메이크업 SPF10 30ml
5107150753,에스티로더 퓨어 칼라 엔비 스컬프팅 아이섀도우 팔레트
품절 처리해야할 옵션
01디파이언트누드,05피어리사프론
5107072537,에스티로더 퓨처리스트 아쿠아 브릴리언스 커스텀 래디언스 쿠션 SPF40/PA++++
품절 처리해야할 옵션
1C0쿨포슬린,2C0쿨바닐라
5105364182,메이크업포에버 아티스트 페이스 컬러 5g
품절 처리해야할 옵션
B314쉬머린탠저린,B316레드코랄,S214로주우드
추가해야할  옵션
B314쉬머리탠저린,H100아이보리,H104에그쉘
5105338768,메이크업포에버 울트라 에이치디 라이트 캡쳐링 셀프-세팅 컨실러 5ml
5105278611,메이크업포에버 UHD 컨실러
5105156057,메이크업포에버 프로 피니쉬 10g
품절 처리해야할 옵션
110,113,117
추가해야할  옵션
#110,#113,#117
5105143330,메이크업포에버 아쿠아 브로우 키트 7ml
5104937864,메이크업포에버 결커버파운데이션 울트라 HD 파운데이션 30ml
5104930742,메이크업포에버 UHD 인비저블 커버 스틱 파운데이션
5104916240,메이크업포에버 리부트 파운데이션 30ml
품절 처리해야할 옵션
R208,R230,R233,R250,Y225,Y305,Y365
5104780088,로라메르시에 롱웨어 크림 아이 펜슬 1.2g
5104759403,로라메르시에 매트 아이 컬러 2.6g
5103619811,로라메르시에 벨루어 익스트림 매트 립스틱
품절 처리해야할 옵션
잇걸,핫
5103592598,로라메르시에 블러쉬 컬러 인퓨전
품절 처리해야할 옵션
그레이프프룻,상그리아,포메그레니트
추가해야할  옵션
샹그리아,포메그래니트
5103553890,로라메르시에 캐비어 스틱 아이 컬러
품절 처리해야할 옵션
메탈릭토프,슈가프로스트,인텐스골든,인텐스누드로즈,인텐스라즈베리,인텐스마젠타,인텐스바이올렛,인텐스버건디,인텐스선빔,인텐스시에나,인텐스인디고,인텐스터코이즈,카라멜,캐시미어,프레스코
추가해야할  옵션
인텐스-골든,인텐스-누드로즈,인텐스-라즈베리,인텐스-마젠타,인텐스-버건디,인텐스-선라이즈,인텐스-선빔,인텐스-시에나,인텐스-인디고,인텐스-터코이즈
5103525953,로라메르시에 캐비어 크롬 베일 라이트웨이트 리퀴드 아이 컬러
품절 처리해야할 옵션
나이트스카이,로즈골드메탈,문라이트쉬머,크라스탈로즈
5103412172,로라메르시에 루즈 에쌍씨엘 실키 크림 립스틱
품절 처리해야할 옵션
누두누보101,로즈데카당200,로즈루즈504,로즈비프201,로즈클레어206,루즈애클라탕400,루즈일렉트리크501,블러쉬핑크205,코라라비프401,코랄클레어404,푸쉬아인텐스202,플럼누아305
추가해야할  옵션
누드누보101,로향지402,루즈얼팀500
5103297602,로라메르시에 시크릿 카뮤플라지 5.92g
품절 처리해야할 옵션
1,5
5102932083,로라메르시에 플로리스 퓨전 울트라-롱웨어 파운데이션
품절 처리해야할 옵션
마카디미아,아아보리,카메오,케슈
5102884837,로라메르시에 플로리스 뤼미에르 파운데이션
품절 처리해야할 옵션
마카디미아,버프,쉘,크림
추가해야할  옵션
마카다미아,아이보리,알라바스터,크림베이지,크림아이보리,플랙스
5102332119,조르지오아르마니 립 마에스트로 빈티지 MLBB 컬렉션
품절 처리해야할 옵션
207플림핑크,522사하라레드,524썬셋로즈
추가해야할  옵션
207플럼핑크,522사하라로즈,524선셋핑크
5102310431,조르지오아르마니 립 마에스트로 - 벨벳 리퀴드 립
품절 처리해야할 옵션
200딥부라운MLBB,201다크벨벳레드,304아이싱피치,405슐탄레드,524썬셋핑크
추가해야할  옵션
103베니스누드,200딥브라운MLBB,206컬렉션,208선라이즈오렌지,209컬렉션,212미드나잇버건디,306알덴트레드,405컬렉션,416스칼라또,417블레이즈,524선셋핑크,526블라스트,528엑세시보
5102289399,조르지오아르마니 아이틴트
5102268055,조르지오아르마니 엑스터시 라커 데이브레이크 리미티드 에디션 6ml
품절 처리해야할 옵션
507나이트로즈,508데이브레이크,516코랄브레이크,604코랄브레이크
5102179840,조르지오아르마니 NEW 아르마니 엑스터시 미러
품절 처리해야할 옵션
400레드미러,402딥레미러
5102169380,조르지오아르마니 립 마에스트로 선셋 MLBB
품절 처리해야할 옵션
103,205,206,208,209,212,415
추가해야할  옵션
103베니스누드,205딥브릭,206브릭레드,206컬렉션,208선라이즈오렌지,209컬렉션,212미드나잇버건디,405술탄레드,405컬렉션,415메이플레드
5102136069,조르지오아르마니 루즈 아르마니 마뜨 4g
5102061059,조르지오아르마니 A-블러쉬 3.9ml
5100705989,조르지오아르마니 파워 패브릭 파운데이션 세트 (+파운데이션 5ml 2개 증정)
품절 처리해야할 옵션
2호,3호,3.5호,4호,4.5호
추가해야할  옵션
4,4.5
5100663528,조르지오아르마니 루미너스 실크 파운데이션 30ml
품절 처리해야할 옵션
3호,4호
5100625963,조르지오아르마니 파워 패브릭 롱웨어 하이 커버 파운데이션 30ml 
품절 처리해야할 옵션
2호,3호,3.5호,4호,4.5호
추가해야할  옵션
2,3,3.5,4,4.5,5
5100602948,조르지오아르마니 디자이너 리프트 블루 파운데이션
품절 처리해야할 옵션
2호,3호,4호,5호
추가해야할  옵션
1.75호,1호
5100234506,립글라스 / 브론저
5100228061,맥 파우더 키스 립스틱
품절 처리해야할 옵션
마이트위드,임펄시브폴인러브
추가해야할  옵션
듀보넷버즈,마라케쉬-미어,마이트위디,브릭쓰루,쉬어아웃트레지,"유어버긴',레이디",임펄시브,카인다쏘어-타,턴투더레프트,테디2.0,폴인러브
5100148378,맥 립스틱
품절 처리해야할 옵션
네온오렌지,니폰,다운투언아트,더즌카네이션,데어유,데인저러스,듀보넷,디포데인저,디바,러브론,러스터링,러시안레드,런웨이히트,레드락,레이디데인저,레이디버그,루비우,릴렌트리슬리레드,마라케쉬,매트로얄,맥레드,맨러브미스터리,맹그로브,모델비해이버,모란지,모카,미디모브,미스,밀란모드,바이올레타,범쉘,베가스볼트,벨벳테디,브레이브,브레이브레드,브리딩파이어,브릭-오-라,블랭키티,생제르망,소프트키시스,소프트힌트,쇼오키드,스놉,스모크드아몬드,스모크드퍼플,스시키스,스위트사쿠라,스위티,스포일드패뷸러스,스피릿,시럽,신,썬블레스드,쏘쇼드,쏘어,씨쉬어,씨비96,앤틱벨벳,야쉬,업더앰프,엔젤,오디세이,온앤온,온홀드,올파이어드업,월,유우든트겟잇,인스티게이터,임패션드,재패니즈메이플,체리쉬,칠리,카인다섹시,카프리셔스,캔디얌얌,캡티브,코스모,코스타시크,코크니,크렘드'누드,크로스와이어즈,크림드라펨므,크림인유어커피,크림컵,터치,텅&치크,테이스트미,토프,트로픽토닉,트위그,파라마운트,파티라인,파티쉐리,팬페어,폭스,폴라이틀리핑크,풀푸시아,퓨전핑크,프리티보이,프리티플리즈,플라밍고,플랫아웃패뷸러스,플럼댄디,플럼플,플레시팟,플리즈미,피치뉴이어,핑크누보,핑크피전,핫앤바덜드,허그미,허니러브,헤로인
추가해야할  옵션
땡스어밀리언(무지X진심으로고마워),메이크어위시(네오X생일축하해),콘그래츠(콘X축하해),타임즈인피니티(라이언X영원히널사랑해),해브어굿데이(어피치X좋은하루보내)
5100106659,맥 러브 미 립스틱
5100072980,맥 리퀴드라스트 24-아워 워터프루프 라이너
추가해야할  옵션
레이트나잇,웻로드
5100070581,맥 대즐글라스
품절 처리해야할 옵션
골디락스,스탑!룩!,스테핀아웃,징글쟁글,탠저린트로피카,프랜싱댄싱
5100004309,맥 대즐섀도우
품절 처리해야할 옵션
겟피지컬,대즐스타일,드리미빔즈,라스트댄스,렛츠롤,미드나잇샤인,샤인드-라이트,세이잇이즌트소,쉬스파클스,슬로우/패스트/슬로우,아라이크투워치,오쏘길티,잇츠올어바웃샤인,캔트스탑돈트스탑,트라이미온,필더피버
추가해야할  옵션
낫어프레이드투스파클,다이아몬드크럼블,러브유어셀프,블링킹브릴리언트,빔타임,스타즈인마이아이즈,에브리데이이즈선샤인,플래쉬앤대쉬
5099998514,맥 크림쉰 글라스
5099993771,맥 파우더 키스 아이 섀도우
5099978417,맥 아이 브로우 빅 부스트 파이버 젤
5099972515,립스틱 / 브론저
추가해야할  옵션
칸두!,코트디’아모르
5099900970,맥 프로 롱웨어 페인트 팟 아이 섀도우
5099870244,맥 레트로 매트 리퀴드 립컬러
품절 처리해야할 옵션
번트스파이스,캐비아,탑드위드브랜디,하이드라마
5099861954,맥 버시컬러 스테인
5099834487,맥 파우더 블러쉬
5099487469,맥 글로우 플레이 블러쉬
5099476272,맥 엑스트라 디멘션 블러쉬
품절 처리해야할 옵션
랩디캔디,퍼슈어
추가해야할  옵션
랩드캔디,퍼슈어!
5099466831,맥 미네랄라이즈 블러쉬
추가해야할  옵션
내추럴리플러리스,뉴로맨스,데인티,라이크미.러브미,러브띵,러브조이,버블즈.플리즈,스위트이너프,웜소울,젠틀,페탈파워,플러팅위드데인저,해피-고-로지,헤이.코랄.헤이…,휴머미
5099333465,맥 미네랄라이즈 스킨피니쉬 내추럴
품절 처리해야할 옵션
기브미선,라이트플러스,미디엄골드
추가해야할  옵션
기브미선!,미디엄골든
5099274861,맥 엑스트라 디멘션 스킨피니쉬
5098837860,맥 프로 롱웨어 너리싱 워터프루프 파운데이션
추가해야할  옵션
NC42,NW13
5098790077,맥 라이트풀 C + 코랄 그라스 틴티드 크림 SPF 30 / PA+++ 위드 래디언스 부스터
5098383379,나스 하이 피그먼트 롱웨어 아이라이너
품절 처리해야할 옵션
그랜비아,파크애비뉴,헤이트애시베리
5098357797,나스 립 글로스
5098261967,나스 2019 벨벳 매트 립 펜슬
품절 처리해야할 옵션
댄스피버,프로미스큐어스
5098218666,나스 파워매트 립 피그먼트
5098210426,나스 에프터글로우 립 밤
품절 처리해야할 옵션
오르가즘,덴더이얼즈
5098188978,나스 파워매트 립 피그먼트
추가해야할  옵션
로우라이더,베인
5098181578,나스 새틴 립 펜슬 2.2g
5098173414,나스 벨벳 매트 립 펜슬 2.4g
품절 처리해야할 옵션
15바하마,댄스피버,프로미스큐어스
추가해야할  옵션
14댐드,3레드스퀘어,8발키리,두미베이비,인데인저드레드,테이크미홈,트레블뢰
5098152759,나스 립스틱
품절 처리해야할 옵션
로우러브,로즈클맆,미라마,배드레퓨테이션,부하라,섹스셔플,소울트레인,슈리나가르스칼렛엠페레스,아프간레드,임펄스,쿨잇,탕가니카,통가,팔발라,패스트라이드,풀타임피메일스,핫부두,핫채널,핫키스,헤로인레드,호눌룰루허니
추가해야할  옵션
스칼렛엠페러스,캔디스트리퍼,호놀룰루허니
5097980629,나스 소프트 매트 컴플리트 컨실러
품절 처리해야할 옵션
커스타드,헤이즐넛
5097962399,나스 리퀴드 블러쉬
5097951135,나스 래디언트 크리미 컨실러
품절 처리해야할 옵션
진저,카페콘레체,허니
5097767187,나스 브론징 파우더
품절 처리해야할 옵션
산후안,카지노,푼타카나
추가해야할  옵션
바야르따,사모아
5097631643,나스 하이라이팅 파우더
5097621294,나스 더 멀티플 14g
품절 처리해야할 옵션
2사우스비치,10포르토피노,11마우이,푸에르토바야르타
5097422440,나스 쉬어 글로우 파운데이션 30ml
품절 처리해야할 옵션
사헬,아루바,3고비,비엔나
5097408153,나스 네츄럴 래디언트 롱웨어 쿠션 SPF 50/PA+++
5097399097,나스 네츄럴 래디언트 롱웨어 파운데이션
품절 처리해야할 옵션
고비,도빌,바누아투,바르셀로나,발렌시아,발로리스,사헬,산타페,스트롬볼리,시라큐스,아루바,오슬로,유콘,잘츠부르크,타호,파타고니아,펀잡,피지
5091177140,디올 디올쇼 펌프 앤 브로우
품절 처리해야할 옵션
002다크브라운,003오번,004블랙
5091165745,디올쇼 브로우 스타일러 0.09g 
5090526741,디올 스프링룩 한정 디올 립 슈가 스크럽
5090107046,디올 어딕트 스텔라 글로스
품절 처리해야할 옵션
630D-라이트,759디올매니아
5090101275,디올 립 타투
5090096447,디올 디올쇼 모노 
품절 처리해야할 옵션
462,962
추가해야할  옵션
026,045,462스타,530,616,658,962퓨처,994
5090094303,디올 립 맥시마이저 6ml 
품절 처리해야할 옵션
012로즈우드,014로즈골드
5089750822,디올 포에버 퍼펙트 쿠션 (리필) 
품절 처리해야할 옵션
1W웜,3N뉴트럴
5089591811,디올 어딕트 스텔라 헤일로 샤인
5089582312,디올 디올쇼 아이코닉 오버컬 
품절 처리해야할 옵션
090블랙,264블루,694브라운
5089550285,디올 디올쇼 온 스테이지 라이너 워터프루프
추가해야할  옵션
296매트블루,461매트팝그린,466펄리브론즈,781매트브라운
5089542748,디올 어딕트 라커 스틱
품절 처리해야할 옵션
524,552
추가해야할  옵션
524쿨리스타,552선라이즈
5089479641,디올 루즈 디올 울트라 루즈
품절 처리해야할 옵션
436울트라트러블,660울트라아토믹,755울트라데어링,763울트라하이프,883울트라쁘와종
추가해야할  옵션
450울트라라이블리,545울트라매드,651울트라파이어
5089464566,디올 루즈 디올 울트라 케어 리퀴드
5089442623,디올 디올쇼 디자이너 마스카라 
5089416679,디올 디오리픽 매트 립스틱 3.5g
5089404506,디올 플래쉬 루미나이저
품절 처리해야할 옵션
002아이보리,025바닐라
추가해야할  옵션
002(아이보리),025(바닐라)
5089283558,디올 포에버 스킨 코렉트
추가해야할  옵션
00,1W웜,2W웜
5089260020,디올 하이드라라이프
품절 처리해야할 옵션
오일투밀크메이크업리무빙클렌저,미셀라워터노린스클렌저,로션투폼플레쉬클렌저,미셀라밀크노린스클렌저
5088079555,디올 루즈 블러쉬
품절 처리해야할 옵션
250볼,459샤르넬,475로즈카프리스
5088070672,디올 디올스킨 포에버 익스트림 컨트롤 퍼펙트 매트 파우더 메이크업 (리필)
품절 처리해야할 옵션
010아이보리,011크림,020라이트베이지,021린넨,030미디엄베이지
추가해야할  옵션
010아이보리(리필),011크림(리필),020라이트베이지(리필),021린넨(리필),030미디엄베이지(리필)
5088003356,디올 디올 백스테이지 글로우 페이스 팔레트
품절 처리해야할 옵션
001유니버설,002글리츠
5087719121,디올 스킨 미네랄 누드 글로우
5087677120,디올 스노우 메이크업 베이스 SPF35 PA+++ (30ml)
품절 처리해야할 옵션
베이지,블루
추가해야할  옵션
F042332000베이지,F042432000블루
5087533887,디올 포에버 스킨 글로우 24H 웨어 스킨-케어링 파운데이션
품절 처리해야할 옵션
2CR쿨러지,3.5뉴트럴,3N뉴트럴
추가해야할  옵션
2CR쿨로지,3.5N뉴트럴,3N뉴트럴/기존030
5085525038,디올 포에버 퍼펙트 쿠션
품절 처리해야할 옵션
1W웜,3N뉴트럴
5085503264,디올 디올스킨 포에버 익스트림 컨트롤 퍼펙트 매트 파우더 메이크업
품절 처리해야할 옵션
010아이보리,011크림,020라이트베이지,030미디엄베이지
추가해야할  옵션
010아이보리(리필),011크림(리필),020라이트베이지(리필),021린넨(리필),030미디엄베이지(리필)
5085493895,디올 디올스노우 퍼펙트 라이트 컴팩트
품절 처리해야할 옵션
0N뉴트럴,1CR쿨로지,2N뉴트럴,3N뉴트럴
5085345132,디올 캡춰 토탈 컴팩트 트리플 코렉팅 파우더 메이크업 리필 SPF20/PA+++ 11g
추가해야할  옵션
021리넨,030미디엄베이지
5085330907,디올 캡춰 토탈 트리플 코렉팅 세럼 파운데이션 SPF25 30ml
5083229648,디올 캡춰 토탈 컴팩트 트리플 코렉팅 파우더 메이크업 SPF20/PA+++ 11g
품절 처리해야할 옵션
010아이보리,020라이트베이지
5083211419,디올 프레스티지 르 쿠션 뗑 드 로즈 슬림
품절 처리해야할 옵션
010아이보리,011크림,012포슬린,020라이트베이지
추가해야할  옵션
010,011,012,020
5078944284,바이레도 헤어퍼퓸
품절 처리해야할 옵션
블랑쉬,발다프리크,집시워터,선데이즈드,슬로우댄스,블랙샤프란,로즈오브노맨즈랜드,모하비고스트
5078406506,바이레도 퍼퓸오일 7.5ml
품절 처리해야할 옵션
집시워터,라튤립,발다프리크,로즈오브노맨즈랜드,블랑쉬,모하비코스트롤온
5078362913,바이레도 바디크림 200ml
품절 처리해야할 옵션
로즈오브노맨즈랜드,라튤립,블랑쉬,집시워터,발다프리크,모하비고스트
5073614144,바이레도 셀렉션
품절 처리해야할 옵션
노마드,플로랄,보이지)
5072153714,바이레도 오드 퍼퓸 50ml
품절 처리해야할 옵션
릴플레르,발다프리크,블랙샤프란,슈퍼시더,슬로우댄스
5072152680,바이레도 오드 퍼퓸 50ml
품절 처리해야할 옵션
팔레르모,선데이코롱,로즈느와,선데이즈드,벨벳헤이즈
5072152133,바이레도 오드 퍼퓸 50ml
품절 처리해야할 옵션
집시워터,펄프,모하비고스트,로즈오브노맨즈랜드,아코드우드
5072148889,바이레도 오드 퍼퓸 50ml
품절 처리해야할 옵션
플라워헤드,인플로레센스,라튤립,우드이모텔,블랑쉬
5072142512,바이레도 오드 퍼퓸 100ml
품절 처리해야할 옵션
릴플레르,발다프리크,블랙샤프란,슈퍼시더,슬로우댄스
5072133403,바이레도 오드 퍼퓸 100ml
품절 처리해야할 옵션
팔레르모,선데이코롱,로즈느와,선데이즈드,벨벳헤이즈
5069739513,바이레도 오드 퍼퓸 100ml
품절 처리해야할 옵션
집시워터,펄프,모하비고스트,로즈오브노맨즈랜드,아코드오드
5069587200,바이레도 오드 퍼퓸 100ml
품절 처리해야할 옵션
플라워헤드,인플로레센스,라튤립,우드이모텔,블랑쉬
5066138799,AESOP 이솝 제라늄 리프 하이드레이팅 바디 트리트먼트 100mL
5057630252,입생로랑 몽 파리 플로럴 오 드 파르펭
품절 처리해야할 옵션
50ml,"90ml(+57,800원)"
5056596131,입생로랑 퓨어샷 라이트 업 세럼
품절 처리해야할 옵션
"본품(+14,580원)",리필
5056569717,입생로랑 퓨어샷 와이 쉐이프 세럼
품절 처리해야할 옵션
"본품(+14,640원)",리필
5056075643,입생로랑 루쥬 쀠르 꾸뛰르 베르니 아 레브르 6ml
5056067652,입생로랑 밀크티 컬렉션 루쥬 쀠르 꾸뛰르
5056063254,입생로랑 올아워 파운데이션
품절 처리해야할 옵션
B20,BR45
5056039025,입생로랑 올아워 쿠션 파운데이션
품절 처리해야할 옵션
10호,15호,20호,25호,30호
추가해야할  옵션
#10,#15,#20,#25,#30
5056035625,입생로랑 베르니 아 레브르 워터 스테인
추가해야할  옵션
602바그드루쥬,613캐스케이드보르도,618웨트베밀리온
5056031734,입생로랑 따뚜아쥬 꾸뛰르 벨벳 틴트
품절 처리해야할 옵션
204베이비언더그라운드,211칠리인사이트먼트
추가해야할  옵션
201루쥬따뚜아쥬(BEST-맑은트루레드),204베이비언더그라운드(소프트로즈누드),211칠리인사이트먼트(스파이스칠리),216누드엠블럼(BEST-핑크로즈누드)
